fraction,draw,n_me3,n_ac,coloc_frac_me3,coloc_frac_ac,gcross_at_ref,gcross_peak,gcross_auc,sncr_me3_norm_at_ref,sncr_ac_norm_at_ref,ripley_Lab_at_ref,ripley_Lba_at_ref,ripley_Lab_max,ripley_Lba_max,delaunay_heterotypic_fraction,delaunay_assortativity,fr_observed_fraction,fr_null_fraction,fr_z,fr_p,mst_heterotypic_overall,mst_heterotypic_minus_chance,mesh_n_crossings,mesh_me3_crossing_fraction,mesh_ac_crossing_fraction,mesh_z,mesh_p
1.0,0,900,900,0.6744444444444444,0.6555555555555556,0.9686388402684898,2.4653518146397384,155.04968402923046,0.837745449687352,0.7940760239707877,36.959260692391354,36.58439539755477,45.188245480507874,44.20962621267506,0.5359598587623119,-0.07202371676055894,0.584769316286826,0.5018121178432462,7.0179153654135575,0.0,0.584769316286826,0.08449138410227908,6943,0.900709219858156,0.9056322267810518,,
0.75,0,675,675,0.5777777777777777,0.5525925925925926,0.915788318765634,2.412386338223337,150.4981480535716,0.8319834620132063,0.7688036390127756,34.155533464063524,34.349150007049616,43.26180210654957,43.438942754071604,0.5279087075167452,-0.055879862136878435,0.5782060785767235,0.4984136397331357,6.457338735533672,0.0,0.5782060785767235,0.07783543365455892,5189,0.9001996007984032,0.9073243647234679,,
0.75,1,675,675,0.562962962962963,0.5585185185185185,0.959092247710145,2.560221454631214,161.18098544091308,0.8207561649442341,0.8185642860046339,36.1633034347513,40.05775699037008,47.0853739379524,49.7632500177684,0.5270471464019851,-0.05410363901778969,0.5685693106004448,0.5000444773906597,5.6705911400542295,0.0,0.5685693106004448,0.06819866567828026,5240,0.8898854010961634,0.9002493765586035,,
0.75,2,675,675,0.5451851851851852,0.5348148148148149,0.902889891740766,2.3784090658539943,162.30267475332693,0.833215853880776,0.7886247789989557,36.154368757940176,36.39943277340376,43.24627574678556,43.42533150506699,0.5295285359801489,-0.05932423646919675,0.5782060785767235,0.4997776130467013,5.222773993565102,0.0,0.5782060785767235,0.07783543365455892,5235,0.9022931206380858,0.8983050847457628,,
0.75,3,675,675,0.5496296296296296,0.5407407407407407,0.9948179334522288,2.2723163725848727,146.27692427774556,0.8332063751475888,0.8141473206493279,38.07071303593136,34.56405484750246,46.789280875046444,43.81637646639277,0.5181141439205955,-0.036577794334167274,0.5678280207561156,0.5012601927353596,4.66860715413467,0.0,0.5678280207561156,0.06745737583395106,5152,0.8926610084872691,0.9052369077306733,,
0.75,4,675,675,0.5837037037037037,0.5614814814814815,0.9607542310772781,2.7381495585702424,184.43084211780035,0.8317213720744168,0.7556857444819316,39.0858113413085,38.30158893832976,50.32167316636435,48.82672701793871,0.5399305555555556,-0.0799026278821036,0.586360266864344,0.5028687916975537,6.610947953223002,0.0,0.586360266864344,0.0859896219421794,5146,0.8973080757726819,0.9057356608478803,,
0.75,5,675,675,0.5511111111111111,0.5170370370370371,0.9947849870063453,2.1339742463200633,144.2726042565028,0.7789317507418397,0.793323099485338,36.89795261591263,40.475456182397295,43.03365734708794,46.175987531177896,0.5305059523809523,-0.06107462797111437,0.5833951074870274,0.5004595997034841,6.426314117008452,0.0,0.5833951074870274,0.08302446256486284,5106,0.9031936127744511,0.9003487792725461,,
0.75,6,675,675,0.562962962962963,0.5525925925925926,0.9334499275645906,2.555121411892905,142.19142165572362,0.8595683654911184,0.8086225533057481,35.54935351229261,38.31841418371454,45.590191918424864,47.42184054923425,0.5143920595533499,-0.028812055127259536,0.56412157153447,0.5009340252038547,4.487619358556427,0.0,0.56412157153447,0.06375092661230541,5197,0.8969636635141862,0.8968095712861416,,
0.75,7,675,675,0.562962962962963,0.5288888888888889,0.9689526671824709,2.4144394329792718,146.79053914045818,0.9215040801186942,0.7715392915689651,35.459858584443396,37.06224376121622,45.603818690856855,46.318398655387114,0.5259240883155545,-0.051888636473298014,0.5567086730911787,0.5007412898443291,4.0301238336850975,0.0,0.5567086730911787,0.05633802816901412,5151,0.8927680798004988,0.8983050847457628,,
0.75,8,675,675,0.5644444444444444,0.5585185185185185,1.0091889485117524,2.3903282953909804,111.46541133316552,0.7800017119379137,0.7779921466999316,34.71618747256275,33.325694436817344,42.38089160559372,40.1407334814497,0.528287841191067,-0.0566231106803001,0.5833951074870274,0.5024091919940696,6.552766482983602,0.0,0.5833951074870274,0.08302446256486284,5195,0.8907730673316708,0.907185628742515,,
0.75,9,675,675,0.5585185185185185,0.5407407407407407,0.9300988007577723,2.4074731277585233,154.71404670679524,0.8701218009834063,0.862687852972145,32.50942621022921,33.81664779374313,44.280273580440166,44.97264574897281,0.5271644753162987,-0.054403964104689916,0.5656041512231282,0.49882134914751664,4.678310450933614,0.0,0.5656041512231282,0.0652335063009637,5312,0.899402390438247,0.9073705179282868,,
0.75,10,675,675,0.5511111111111111,0.5333333333333333,0.9829498733793934,2.5897452663969083,157.89523664984785,0.8947206453232289,0.7756818686042319,33.87875117558474,33.851502003890516,43.6565385282903,43.45314121800959,0.5203473945409429,-0.04069792894473348,0.5670867309117865,0.4992068198665678,5.396144262655441,0.0,0.5670867309117865,0.06671608598962198,5168,0.8983050847457628,0.9010989010989011,,
0.75,11,675,675,0.5659259259259259,0.5333333333333333,0.9987720041380154,2.6314313069022917,160.12880275085197,0.8666037226868086,0.7702853075627556,40.75944746518951,39.97795898699184,45.65383060318618,44.63412870937151,0.5342261904761905,-0.06850390988322025,0.5789473684210527,0.5009785025945145,5.307146209071274,0.0,0.5789473684210527,0.07857672349888811,5132,0.8919322709163346,0.8980509745127436,,
0.75,12,675,675,0.56,0.5511111111111111,1.0007856573721647,2.180378352194823,149.5203108866428,0.7964016973698868,0.8011869436201781,39.0858113413085,39.70973998074891,48.62750121326104,48.54175547531443,0.5259240883155545,-0.051888636473298014,0.5730170496664195,0.5016604892512972,4.909714312421482,0.0,0.5730170496664195,0.07264640474425499,5198,0.898355754857997,0.8993522670652716,,
0.75,13,675,675,0.5940740740740741,0.5644444444444444,0.860814833897733,2.2115903122466913,145.28000918462968,0.8465906901299401,0.8023721314065984,35.798834140736346,34.879229237412744,47.62699145767604,46.492264481381056,0.5207350384901912,-0.04154432285556634,0.5767234988880652,0.4990437361008154,5.593953381457781,0.0,0.5767234988880652,0.07635285396590064,5107,0.8962075848303394,0.8982543640897755,,
0.75,14,675,675,0.56,0.5466666666666666,1.0009169079501805,2.5253486214136,163.22352066122744,0.8185537126292859,0.8273634131900321,39.115462965258814,34.58585840164221,48.732021215795726,44.9671788679932,0.5245779543197616,-0.04916114643207941,0.575240919199407,0.5007783543365456,5.441304678003825,0.0,0.575240919199407,0.07487027427724247,5232,0.8972055888223552,0.9007481296758105,,
0.5,0,450,450,0.4311111111111111,0.41333333333333333,1.0780487660370195,3.008791471312359,214.09590965073787,0.7354652129109465,0.8643285926136706,45.3405186912799,42.7159399133688,55.0938017857236,52.107883651840524,0.5366218236173393,-0.07329220858659247,0.5494994438264739,0.5012235817575084,2.7699277968929064,0.01,0.5494994438264739,0.04894327030033374,3380,0.8970698722764838,0.8969924812030076,,
0.5,1,450,450,0.3933333333333333,0.3844444444444444,0.8534939079659641,3.1531858266520336,146.31794654077243,0.8426035227689034,0.7913689873600788,34.377865559470706,37.70752600619869,43.584451651438144,46.232521229829075,0.5210742260350616,-0.04221863161806623,0.5383759733036707,0.4988654060066741,2.3971275944920225,0.02,0.5378619153674833,0.037305741841343165,3327,0.8758465011286681,0.8858858858858859,,
0.5,2,450,450,0.44,0.43777777777777777,0.7761729636521283,3.4296014673001016,200.76350308397767,0.9176720255102323,0.7924012858349698,43.90999805658413,42.35611686412466,56.10764936275223,53.810673373182055,0.5186706497386109,-0.037353015776249686,0.5305895439377085,0.5025027808676307,1.6958751307275333,0.09,0.5305895439377085,0.030033370411568394,3336,0.8656156156156156,0.8842105263157894,,
0.5,3,450,450,0.42,0.4222222222222222,0.9679598878103577,2.5464790894703255,164.1647162325268,0.8463848767293419,0.8001866806874103,37.14300002417724,36.009646911261996,45.02188192037815,43.980853213336246,0.517524235645041,-0.035057680597687074,0.5828698553948832,0.4994883203559511,4.720159659231155,0.0,0.5824053452115813,0.08184917168544115,3425,0.8991723100075244,0.8844711177794449,,
0.5,4,450,450,0.4311111111111111,0.4266666666666667,0.9261905117885223,3.680547916126938,212.3656210461394,0.8146308034949461,0.7661003509835703,40.010811418504716,35.2866480712741,53.449161257939835,49.71079587811448,0.525923162998881,-0.051923744774065694,0.5506117908787542,0.49952169076751946,2.7881004429515395,0.0,0.5506117908787542,0.0500556173526141,3460,0.8805409466566492,0.8957239309827457,,
0.5,5,450,450,0.4088888888888889,0.40444444444444444,1.0020576840020956,3.173182666006636,208.99679385654818,0.7419084256500738,0.8730741854751682,41.27060327847232,34.95502469827767,51.59183219005547,44.870238027613254,0.515479298769116,-0.03097021570242429,0.5383759733036707,0.5032591768631813,1.7355749254947823,0.07,0.5378619153674833,0.037305741841343165,3419,0.8849624060150376,0.8853073463268366,,
0.5,6,450,450,0.4,0.4,0.9750511690397375,2.1332937698384558,120.33209170505685,0.8710456045429634,0.6767616467292724,33.58342897979162,41.94882635728237,42.64085688784081,48.307751947536076,0.5175504107542942,-0.03510082150858851,0.5383759733036707,0.49815350389321467,2.3547509852211834,0.01,0.5383759733036707,0.03781979977753058,3349,0.8903080390683696,0.8871331828442438,,
0.5,7,450,450,0.44222222222222224,0.4088888888888889,0.7422649511126634,2.8206068142281207,206.56290493295043,0.7878203636605392,0.8271545769783767,47.63179057243184,40.10039004965057,58.6166273144143,55.54916336642469,0.5216579536967887,-0.04331721668926731,0.5261401557285873,0.5046941045606229,1.5274923356857257,0.14,0.5261401557285873,0.025583982202447175,3359,0.886721680420105,0.8687782805429864,,
0.5,8,450,450,0.37555555555555553,0.39555555555555555,0.9804467091055702,2.694686867164365,117.3633050372702,0.8623151162126663,0.9593969504882646,27.67989033766355,26.821526953715534,33.55637330225619,33.436052620327644,0.5199552405818725,-0.039927987489635317,0.5383759733036707,0.49805339265850945,2.629798978962082,0.0,0.5383759733036707,0.03781979977753058,3418,0.8811136192626035,0.8739684921230307,,
0.5,9,450,450,0.44,0.43333333333333335,0.9278311888908293,2.4680309624496055,163.8574076754564,0.8742832772591576,0.7830734966592428,37.846009470256604,36.57162045301834,51.360927080030194,48.542642652788885,0.525,-0.05017911414218435,0.5672969966629589,0.49860956618464963,4.228058815549433,0.0,0.5672969966629589,0.06674082313681873,3414,0.8936329588014982,0.8887218045112782,,
0.5,10,450,450,0.3977777777777778,0.39555555555555555,1.1235646786191162,2.3719698770848003,124.03484612724822,0.8673628291542037,0.8124721603563474,33.312135949647825,35.249991793062804,39.375643132605006,43.235653541808006,0.5156716417910447,-0.03134845296061301,0.5450500556173526,0.49807563959955503,3.0827803999565306,0.0,0.5450500556173526,0.04449388209121252,3406,0.8830584707646177,0.9017991004497751,,
0.5,11,450,450,0.39111111111111113,0.4,0.9191310507398055,2.3508544182383484,134.33417130733991,0.8657983418649937,0.8038697104677061,33.16236946176451,40.89208381604959,40.864061235164144,46.61576273992273,0.5296752519596865,-0.05946623706480969,0.5717463848720801,0.5032591768631813,4.419259383762611,0.0,0.5717463848720801,0.07119021134593995,3484,0.8934733683420856,0.9050489826676714,,
0.5,12,450,450,0.4222222222222222,0.4222222222222222,0.8638080337419879,2.27949342237469,186.59786311535157,0.7725501113585747,0.8395620284751455,36.46424420071844,32.325846601519174,46.67270784458253,43.800641472765875,0.5194029850746269,-0.038811176932831544,0.5595105672969967,0.501301446051168,3.5760145310239886,0.0,0.5595105672969967,0.05895439377085654,3436,0.8842105263157894,0.8902255639097745,,
0.5,13,450,450,0.4266666666666667,0.4177777777777778,0.7246994823140774,2.6866907637009696,137.32826429290114,0.8518930957683741,0.7308466237154954,32.42013392704945,37.59271525670539,50.74949926591236,53.63117558824743,0.5115758028379388,-0.023153888328349914,0.5639599555061179,0.4999110122358176,3.6206481121590923,0.0,0.5639599555061179,0.06340378197997776,3425,0.8924812030075188,0.8762190547636909,,
0.5,14,450,450,0.43333333333333335,0.40444444444444444,1.1135626191655335,2.462799866725889,223.24329362738865,0.7993954820235445,0.6650072055548277,46.91251351860882,50.91527227737453,54.78945533811847,58.0974903700461,0.5244494214259052,-0.048936257669694824,0.5695216907675195,0.5020800889877642,4.153677728183377,0.0,0.5690423162583519,0.06848614273221176,3466,0.898572501878287,0.8902255639097745,,
0.35,0,315,315,0.3142857142857143,0.30793650793650795,1.10838513333165,2.9437755691711556,215.55036617178135,0.9133472763570681,0.7410459943027238,42.1321378616953,45.68711978986573,53.61107849937105,66.39184740143878,0.512273212379936,-0.024551092583417165,0.5373608903020668,0.5006677265500795,2.1442914281723535,0.02,0.5366242038216561,0.03582929126203771,2392,0.8827956989247312,0.8941684665226782,,
0.35,1,315,315,0.3111111111111111,0.3111111111111111,1.177659204164878,3.127761542244353,176.2256577407432,0.6621019108280255,0.7995680141262534,50.3729192881143,42.85793311165202,51.31001462171142,46.40489263436933,0.5253874933190807,-0.05092028728997011,0.5643879173290938,0.500302066772655,3.3668047236544014,0.0,0.5643879173290938,0.06359300476947538,2423,0.90625,0.8814655172413793,,
0.35,2,315,315,0.27936507936507937,0.2857142857142857,1.3737369915211306,2.1750835699084563,160.30818354600189,0.79600526170036,1.0192785857828945,38.75284156724325,34.78206151002115,42.21350556568359,40.295907425090775,0.5168359166221272,-0.03367655775754341,0.4960254372019078,0.5012877583465819,-0.2726074617012489,0.84,0.49522292993630573,-0.005571982623312655,2418,0.8654467168998924,0.8822894168466523,,
0.35,3,315,315,0.3238095238095238,0.3111111111111111,1.059126981898802,2.3791226785510036,145.90976990760333,0.8752274795268425,0.7848750866308043,41.554575855696726,36.86282319175609,51.70875800588357,49.1301807856579,0.5235798499464094,-0.04771606160385285,0.5596184419713831,0.49907790143084263,3.0463399353845304,0.0,0.5605095541401274,0.05971464158050899,2362,0.8856526429341963,0.8821621621621621,,
0.35,4,315,315,0.32063492063492066,0.3333333333333333,0.9789733378612973,2.8616143722099454,181.62881464854863,0.7093225246091488,0.7150906418422343,47.541920811581065,43.338692095135684,55.666236283982215,52.00324157376505,0.5272727272727272,-0.05502818069979677,0.5659777424483307,0.5000635930047695,3.3812307482463786,0.0,0.5659777424483307,0.06518282988871227,2423,0.8850698174006445,0.8833693304535637,,
0.35,5,315,315,0.31746031746031744,0.3142857142857143,0.8816187474364212,2.913174991529044,143.0646718546653,0.8702325224464738,0.8957006369426752,24.88265922532213,14.314683874484615,41.85678316979461,36.69333983187174,0.522508038585209,-0.04502358030644498,0.5103338632750397,0.5002066772655008,0.48856671318060607,0.64,0.5111464968152867,0.010351584255668289,2401,0.8768898488120951,0.88,,
0.35,6,315,315,0.30158730158730157,0.3238095238095238,0.9661483596360402,1.9768881820245128,119.65563928793897,0.7716805487506124,0.7276987558166397,43.338692095135684,43.1132916927678,56.070620594660085,54.191159534613774,0.5146823278163374,-0.02937199125225474,0.5278219395866455,0.4996661367249603,1.330421644733069,0.17,0.5278219395866455,0.027027027027027084,2307,0.8580645161290322,0.8886486486486487,,
0.35,7,315,315,0.30158730158730157,0.3047619047619048,0.6516312481051809,2.670410408901623,158.3411712346973,0.8545647558386412,0.8905276065261079,43.3081979225812,37.25847387358982,54.806322118252126,48.89020828225034,0.4981313400961025,0.0037361838588992565,0.4960254372019078,0.5008744038155803,-0.24239135429602013,0.78,0.4968152866242038,-0.003979625935414566,2427,0.8701716738197425,0.8678839957035446,,
0.35,8,315,315,0.30793650793650795,0.30158730158730157,0.9130405016368983,2.0817323437321282,76.54887988905294,0.901671974522293,0.8641892410405956,19.927086507865056,24.265637887798107,37.37749593792364,39.88949215718904,0.5213903743315508,-0.04278820375335113,0.5262321144674086,0.501383147853736,1.2112338966911815,0.22,0.5254777070063694,0.024682794446751033,2408,0.8878101402373247,0.8997844827586207,,
0.35,9,315,315,0.30793650793650795,0.33650793650793653,1.226265225691897,1.9768881820245128,130.18782582851918,0.8359872611464968,0.884528456955003,36.489373500477825,36.489373500477825,48.17417044205757,45.93484239262412,0.4959871589085072,0.008024546277192917,0.5087440381558028,0.4993799682034976,0.48871607050920185,0.62,0.5095541401273885,0.008759227567770145,2329,0.8728448275862069,0.8605405405405405,,
0.35,10,315,315,0.3238095238095238,0.28253968253968254,1.041251421022873,4.093195241262328,230.21255788544312,0.9791850790845091,0.6106341733591804,48.5167857898702,56.268638538623804,63.13401494044305,68.64247528311842,0.5200427578834848,-0.040128301781147,0.5278219395866455,0.501510333863275,1.2619719900901158,0.25,0.5278219395866455,0.027027027027027084,2407,0.8772874058127018,0.8714902807775378,,
0.35,11,315,315,0.346031746031746,0.34285714285714286,0.9455041639173213,3.4547267527748278,191.54617181895284,0.6858507734303912,0.906430857771024,40.930928989997994,41.672155488109865,50.1019700942185,50.879272236485406,0.5181623931623932,-0.036367372097801665,0.5627980922098569,0.49848966613672496,3.4379579813120804,0.0,0.5627980922098569,0.062003179650238494,2368,0.8825431034482759,0.896551724137931,,
0.35,12,315,315,0.3111111111111111,0.28888888888888886,0.6747650861436391,2.4420069784245984,158.41385859186653,0.8172010305589351,0.9268554417058986,31.492520212065017,32.48847736335176,50.25943348503924,49.23718512254172,0.5197649572649573,-0.0395539426813265,0.548489666136725,0.5009220985691574,2.2972612523950873,0.01,0.548489666136725,0.04769475357710662,2353,0.9081081081081082,0.8681081081081081,,
0.35,13,315,315,0.26666666666666666,0.2634920634920635,0.743191045873877,2.8241259743207325,152.49707792631875,0.9854814537279879,0.7703025477707007,23.89020828225034,17.076667801144026,44.076763884697584,35.55993091066205,0.5165598290598291,-0.03313410390273752,0.5294117647058824,0.50120826709062,1.2927380074930452,0.2,0.5302547770700637,0.029459864510445355,2361,0.8751345532831001,0.886117136659436,,
0.35,14,315,315,0.28253968253968254,0.2761904761904762,0.7837731885104111,1.7019074950511783,78.2091206539727,0.8444888265140883,0.7648590632367949,30.08444905066625,31.997433775543186,37.944845902052464,40.13426625658599,0.5008017103153394,-0.001604565112006432,0.5007949125596184,0.5018759936406996,-0.061559822239347736,0.98,0.5007949125596184,0.0,2360,0.8706896551724138,0.8648648648648649,,
0.2,0,180,180,0.2111111111111111,0.20555555555555555,1.170061402847685,4.042030300746548,140.91203459658027,0.6210976010515938,0.7182761372705507,43.07532119041366,67.23805270111586,56.22222875123708,76.51424871850054,0.5154929577464789,-0.032300153339436366,0.5153203342618384,0.5069637883008357,0.2976343394834832,0.84,0.5183098591549296,0.016917101494762443,1345,0.8716475095785441,0.8683206106870229,,
0.2,1,180,180,0.20555555555555555,0.2,0.9094162187296372,2.8798180259771846,148.32706329148536,0.6442039106145251,0.8109569291764281,43.929482664321256,34.98222414707709,58.70592666520079,55.96389329737772,0.512241054613936,-0.02477650063856964,0.5487465181058496,0.5016155988857939,1.819689585733044,0.06,0.5490196078431373,0.04762685018297019,1331,0.8912213740458015,0.8702290076335878,,
0.2,2,180,180,0.13333333333333333,0.14444444444444443,0.5598379917931507,2.9783381163395624,114.68201812632539,0.7441340782122905,0.8281301347354584,7.83863466407945,11.388775067655104,40.30894286692306,51.06840347476259,0.5188323917137476,-0.03766570347113886,0.5097493036211699,0.497075208913649,0.46500054238439087,0.71,0.5070422535211268,0.005649495860959641,1386,0.870722433460076,0.9066666666666666,,
0.2,3,180,180,0.20555555555555555,0.2111111111111111,0.7035444369306052,2.970520955929222,146.37617515549255,0.6703910614525139,0.9282337773957886,46.18102062722522,55.698236718680675,64.36008499025687,67.81772880397915,0.497164461247637,0.005671077504725952,0.4596100278551532,0.5033704735376044,-1.6759820065667097,0.1,0.4602272727272727,-0.0411654849328944,1367,0.8606870229007634,0.816793893129771,,
0.2,4,180,180,0.16666666666666666,0.16111111111111112,0.6667921155984093,3.519180610102716,46.672813677483646,1.005586592178771,0.9400048579062424,4.293027255246244,-2.6898695900191854,35.92534054781419,36.435381141118455,0.4887005649717514,0.022556404311067202,0.5041782729805014,0.49885793871866296,0.21693752988805443,0.82,0.504225352112676,0.002832594452508941,1328,0.8623326959847036,0.8685714285714285,,
0.2,5,180,180,0.19444444444444445,0.19444444444444445,0.783773188510411,4.680245611390741,217.32909419198546,1.229050279329609,0.6756284916201117,39.42314959596814,38.47577176900501,61.18044945124677,65.02343745797998,0.5113207547169811,-0.02267427578669307,0.5431754874651811,0.49835654596100276,1.7048411339250118,0.09,0.5498575498575499,0.048464792197382756,1384,0.8967495219885278,0.8740458015267175,,
0.2,6,180,180,0.20555555555555555,0.19444444444444445,0.8759817989234006,3.7448221903975383,156.32341419909395,0.8170391061452513,0.848463687150838,38.47577176900501,38.47577176900501,69.13391327907098,69.13391327907098,0.49858889934148637,0.002673039476013571,0.5069637883008357,0.5023955431754875,0.18094016883400182,0.88,0.5070028011204482,0.0056100434602810445,1367,0.887189292543021,0.8721374045801527,,
0.2,7,180,180,0.14444444444444443,0.1388888888888889,0.535672323082655,4.071109655428178,91.68927286026614,0.8872822872165625,0.9854748603351955,4.722025222371741,10.796727251808932,34.5131196686533,39.942332886684284,0.4952919020715631,0.009064751774811156,0.49303621169916434,0.5058217270194986,-0.4315750871259512,0.66,0.49019607843137253,-0.011196679228794582,1396,0.8690702087286527,0.8659003831417624,,
0.2,8,180,180,0.23333333333333334,0.23333333333333334,0.8957407868690411,4.680245611390741,202.98456303144104,0.6153589593929792,0.6003502042858333,48.46979821094982,62.92014822604915,71.80118017905838,82.53963581698602,0.5254237288135594,-0.051086034970219754,0.5264623955431755,0.5013927576601671,0.9206923582851392,0.33,0.5254237288135594,0.024030971153392255,1402,0.9013282732447818,0.8948374760994264,,
0.2,9,180,180,0.23333333333333334,0.21666666666666667,0.8890561541312125,6.334525098184889,307.42183228119666,0.9240525441642761,0.5094972067039106,62.501619084366325,70.645085306478,81.87474854377166,86.80561584401829,0.5089707271010387,-0.017999548785153252,0.5403899721448467,0.5022284122562675,1.5545447700404391,0.13,0.536723163841808,0.03533040618164085,1365,0.8752399232245681,0.8948374760994264,,
0.2,10,180,180,0.2,0.18888888888888888,1.1196759835863015,2.127384368813973,75.22359724328723,0.9188980928530148,0.6987974623615189,27.700708262522255,34.393693627706,35.93008361539307,42.3870511838868,0.5188679245283019,-0.03791690255687169,0.5181058495821727,0.5021727019498607,0.5707285187716712,0.56,0.5141242937853108,0.012731536125143661,1361,0.8740458015267175,0.8714011516314779,,
0.2,11,180,180,0.1388888888888889,0.14444444444444443,0.7721617338658123,2.0958675633500623,37.17817830136265,0.7628587940666538,0.936235792718166,25.635990341319086,23.616651862119397,37.331921083180305,32.83763143095658,0.4962335216572505,0.007525036906994398,0.4986072423398329,0.5013370473537604,-0.11002701490026573,0.94,0.49859943977591037,-0.0027933178842567408,1341,0.8693181818181818,0.8598848368522073,,
0.2,12,180,180,0.15555555555555556,0.14444444444444443,0.857075716932248,1.84169246316989,89.76784312297322,0.9188980928530148,0.9015603929878636,21.64105452717513,25.635990341319086,45.81620281329032,54.59820399185378,0.5093984962406015,-0.01923274055064811,0.5403899721448467,0.5033704735376044,1.2635259417763782,0.18,0.5356125356125356,0.034219777952368524,1351,0.8759541984732825,0.8652751423149905,,
0.2,13,180,180,0.18333333333333332,0.18888888888888888,1.3335842311968187,2.533810039273956,83.25066034659753,0.5970670391061452,0.778518652009371,40.62060257742428,37.11695228868223,54.2710210890736,53.63584615695024,0.4934210526315789,0.013157023041352574,0.5264623955431755,0.5006685236768802,0.955340432627257,0.37,0.5279329608938548,0.026540203233687665,1362,0.8733459357277883,0.8666666666666667,,
0.2,14,180,180,0.17777777777777778,0.15,0.7148011479214949,4.527073936836135,103.93853797320372,0.9618654359970853,1.5958222006315277,5.101328577527056,-3.6143966781503423,28.19230405352436,26.374949708754336,0.5225988700564972,-0.04535437958631699,0.479108635097493,0.5038440111420612,-1.0311143027018488,0.34,0.48169014084507045,-0.019702616815096663,1319,0.8473282442748091,0.8541266794625719,,
0.1,0,90,90,0.1111111111111111,0.13333333333333333,0.0,3.869293963107807,77.98605841914332,1.0786516853932584,1.1376404494382022,35.68850087867605,40.62060257742428,69.64901592245141,71.85068109562837,0.4990476190476191,0.0018142235123368405,0.4860335195530726,0.4960335195530727,-0.2658371421654105,0.79,0.5032258064516129,0.0004325103622273563,674,0.8521400778210116,0.8509803921568627,,
0.1,1,90,90,0.1111111111111111,0.1111111111111111,1.8614613227122263,4.080895976715265,134.8569479688912,0.5778491171749598,0.6386753400354819,90.66182547776077,81.90644976152134,96.69252419849397,84.90686192861091,0.48,0.03971779461719367,0.5586592178770949,0.5063687150837989,1.6016524840897395,0.1,0.559748427672956,0.05695513158357046,649,0.859375,0.8700787401574803,,
0.1,2,90,90,0.1,0.1111111111111111,0.0,7.970200593021363,368.84993372980864,0.7778738115816768,0.9334485738980122,4.475695928508202,4.475695928508202,91.15771846609525,91.15771846609525,0.5133079847908745,-0.02734374999999997,0.4748603351955307,0.5011731843575419,-0.7617791568228331,0.47,0.45161290322580644,-0.05118039286357906,660,0.8875968992248062,0.8671875,,
0.1,3,90,90,0.1,0.08888888888888889,1.240974215141484,3.1438013450250937,-16.876702818752264,0.9334485738980122,0.5056179775280899,2.7023245259572093,26.001313219131134,40.174029001120005,47.52890748081006,0.5152671755725191,-0.033077765607886035,0.5251396648044693,0.5012849162011174,0.68743284175257,0.56,0.5185185185185185,0.01572522242913299,668,0.9147286821705426,0.85546875,,
0.1,4,90,90,0.07777777777777778,0.07777777777777778,0.0,6.084776796822761,176.30360751562833,0.7584269662921348,1.0112359550561798,11.636654473825729,-0.17265327171989497,85.0050525854038,76.65461099740969,0.49521988527724664,0.009545745361484208,0.5307262569832403,0.5058100558659219,0.6320917119506715,0.55,0.5471698113207547,0.04437651523136921,664,0.8671875,0.8705882352941177,,
0.1,5,90,90,0.18888888888888888,0.15555555555555556,0.4379908994617003,5.54788472651487,234.62909350539542,1.0112359550561798,0.33707865168539325,55.974761638829364,70.43815073487127,103.06012214123913,113.84049587583212,0.4723809523809524,0.05523466751806812,0.5418994413407822,0.5049162011173184,1.1021649897134032,0.24,0.5369127516778524,0.03411945558846685,683,0.8269230769230769,0.8627450980392157,,
0.1,6,90,90,0.14444444444444443,0.17777777777777778,1.2949296157998096,8.20122090006546,362.54113693238355,0.33707865168539325,1.2310698583292623,100.7396662782553,90.89348944569656,111.27871457668476,102.09602339473827,0.5190839694656488,-0.03818306309456175,0.4972067039106145,0.5026256983240224,-0.14844918961856277,0.93,0.5031847133757962,0.00039141728641067797,661,0.8740157480314961,0.8599221789883269,,
0.1,7,90,90,0.08888888888888889,0.08888888888888889,0.0,3.7537926507762305,-0.7538612610796247,1.0112359550561798,1.0112359550561798,21.850681095628374,26.001313219131134,46.850681095628374,51.001313219131134,0.4933078393881453,0.013207547169811255,0.4972067039106145,0.5053072625698324,-0.20714819498206433,0.92,0.535031847133758,0.032238551044372454,642,0.86328125,0.8431372549019608,,
0.1,8,90,90,0.13333333333333333,0.1111111111111111,1.2949296157998096,4.9207325400392765,172.03435296830796,1.3651685393258428,0.5056179775280899,70.18004505405742,74.92371151253559,104.99928148246039,110.99959767003469,0.5095785440613027,-0.01939652007928929,0.48044692737430167,0.5021229050279329,-0.5914471998938806,0.57,0.49056603773584906,-0.012227258353536441,680,0.8638132295719845,0.8287937743190662,,
0.1,9,90,90,0.06666666666666667,0.07777777777777778,0.8759817989234006,3.3287308359089227,116.9369361823291,0.7945425361155698,1.0112359550561798,19.844375586202773,-7.211459868426886,65.42731530701496,82.22288351200507,0.48091603053435117,0.0381118881118882,0.5027932960893855,0.5038547486033519,-0.02722607690078434,1.0,0.5094339622641509,0.006640666174765442,639,0.8509803921568627,0.810077519379845,,
0.1,10,90,90,0.08888888888888889,0.08888888888888889,0.960754231077278,3.0423883984113806,61.02455983036387,1.5890850722311396,1.0112359550561798,32.59988580729953,23.90241345630693,41.04417400672003,32.050762715937054,0.47784200385356457,0.04328952845335065,0.5251396648044693,0.4983798882681564,0.7110574936038347,0.51,0.5286624203821656,0.0258691242927801,626,0.8134920634920635,0.8379446640316206,,
0.1,11,90,90,0.07777777777777778,0.07777777777777778,0.43164320526660316,4.9207325400392765,77.08682528504879,0.8426966292134831,0.9269662921348314,-1.9896035435390331,-8.88012940232531,49.00519822823048,45.559935298837345,0.49423076923076925,0.011242273018174839,0.547486033519553,0.5060893854748604,0.9794679702666863,0.34,0.5668789808917197,0.06408568480233423,664,0.9011857707509882,0.8754863813229572,,
0.1,12,90,90,0.15555555555555556,0.14444444444444443,0.9307306613561132,4.822877063390768,207.84255508284497,0.22471910112359547,0.41639127561136813,65.39156525252002,63.95207090506949,118.03129094086194,113.77249933663109,0.5248091603053435,-0.049713896507388375,0.547486033519553,0.5026815642458101,1.2680797461868552,0.22,0.5652173913043478,0.06242409521496228,666,0.8862745098039215,0.861003861003861,,
0.1,13,90,90,0.1,0.1,0.45820586405224034,8.705911416992567,189.00343417446322,1.1797752808988764,0.8426966292134831,5.527563341891238,7.516134682126392,80.68527281912634,82.09140509867984,0.5057251908396947,-0.011454065373759653,0.5083798882681564,0.5073743016759776,0.03265098813029245,1.0,0.5163398692810458,0.013546573191660305,661,0.8449612403100775,0.890625,,
0.1,14,90,90,0.06666666666666667,0.06666666666666667,0.0,5.467480600043641,125.39049492410923,0.8327825512227363,1.0112359550561798,45.19141597139219,36.37773831192709,70.19141597139219,61.37773831192709,0.5,-0.00023314099201481966,0.547486033519553,0.4963687150837989,1.4026710956597253,0.14,0.5365853658536586,0.03379206976427307,632,0.8537549407114624,0.8700787401574803,,
0.05,0,45,45,0.06666666666666667,0.06666666666666667,3.0547057603482686,9.673234907769517,108.60352179690919,0.3409090909090909,1.227272727272727,79.88466577336857,93.35484624283515,84.67485085222052,101.1263890318375,0.46332046332046334,0.07301360057265568,0.39325842696629215,0.5135955056179775,-2.1588170499424257,0.04,0.4406779661016949,-0.064940011426395,305,0.8387096774193549,0.7642276422764228,,
0.05,1,45,45,0.06666666666666667,0.06666666666666667,1.701907495051178,4.619463200853199,132.8385636479439,1.227272727272727,0.0,67.8848180059307,82.45190033452724,162.5738674069579,186.06258188172387,0.5372549019607843,-0.0777584105878542,0.5955056179775281,0.5125842696629214,1.6133373970202252,0.11,0.6078431372549019,0.10222515972681201,337,0.8925619834710744,0.7804878048780488,,
0.05,2,45,45,0.044444444444444446,0.044444444444444446,0.0,8.16179195343053,212.28909440813752,1.227272727272727,0.6136363636363635,82.45190033452724,87.77146851151701,122.3540193587952,127.11198578067274,0.53515625,-0.07505325915367757,0.5393258426966292,0.5159550561797753,0.4741245138851547,0.69,0.6226415094339622,0.11702353190587234,333,0.8536585365853658,0.8114754098360656,,
0.05,3,45,45,0.08888888888888889,0.08888888888888889,1.6099124953186823,20.392224940703308,843.1369429333588,1.2784090909090908,0.2922077922077922,141.07759723010832,143.362393284429,164.48514076186032,197.35570100358166,0.5078740157480315,-0.01588974839939849,0.550561797752809,0.5086516853932584,0.949524048180695,0.36,0.6551724137931034,0.14955443626501352,322,0.9180327868852459,0.8360655737704918,,
0.05,4,45,45,0.044444444444444446,0.044444444444444446,1.7519635978468011,11.09576945302974,92.85658732155014,0.5113636363636364,1.0227272727272727,38.47577176900501,38.47577176900501,94.2378858845025,94.2378858845025,0.53515625,-0.07045950524211393,0.5280898876404494,0.49539325842696635,0.690129849009979,0.55,0.4897959183673469,-0.015822059160742974,289,0.8699186991869918,0.8524590163934426,,
0.05,5,45,45,0.022222222222222223,0.022222222222222223,0.0,34.29601467300102,850.6055824061743,0.5113636363636364,0.0,42.81399673257175,52.11198578067274,121.40699836628588,126.05599289033637,0.57421875,-0.1485952355517573,0.6404494382022472,0.5020224719101124,2.6815141873639075,0.02,0.6666666666666666,0.16104868913857673,273,0.8842975206611571,0.8898305084745762,,
0.05,6,45,45,0.044444444444444446,0.044444444444444446,2.0540262871307324,13.008833151827972,334.0347150801536,0.0,1.3636363636363635,20.508200391471178,-7.211459868426886,106.17798231401713,90.17402900112,0.5372549019607843,-0.07556841797386117,0.5842696629213483,0.49685393258426963,1.5515679056424814,0.11,0.5576923076923077,0.05207433016421781,298,0.8677685950413223,0.8548387096774194,,
0.05,7,45,45,0.13333333333333333,0.15555555555555556,0.0,13.008833151827972,668.0087015817621,0.40909090909090906,0.0,99.22458504290222,55.07878676763369,199.22458504290222,155.0787867676337,0.5058823529411764,-0.0117647058823529,0.4943820224719101,0.5058426966292136,-0.19949820355852685,0.86,0.5084745762711864,0.0028565987430965167,300,0.8067226890756303,0.8629032258064516,,
0.05,8,45,45,0.044444444444444446,0.044444444444444446,0.0,5.61671704322101,251.12085825340372,0.40909090909090906,0.5113636363636364,87.77146851151701,52.11198578067274,141.04417400672003,127.36774752377232,0.5390625,-0.07819080754440579,0.4943820224719101,0.4980898876404494,-0.06831486384987849,1.0,0.5961538461538461,0.09053586862575624,314,0.8442622950819673,0.8278688524590164,,
0.05,9,45,45,0.08888888888888889,0.06666666666666667,3.9711174884527494,12.575205380100373,772.448988751265,0.5844155844155844,0.5844155844155844,156.26293285730287,115.81959511945973,195.13688690697438,139.48514076186032,0.5019305019305019,-0.003875968992248031,0.5393258426966292,0.5044943820224719,0.6735658743764146,0.44,0.5645161290322581,0.05889815150416822,290,0.8524590163934426,0.864,,
0.05,10,45,45,0.08888888888888889,0.08888888888888889,1.654632286855312,10.479337816750311,432.6532589307737,0.5113636363636364,0.1278409090909091,146.4720258117269,170.52208700336,146.4720258117269,170.52208700336,0.5173745173745173,-0.03736250597800097,0.5168539325842697,0.5179775280898876,-0.021027640840596887,1.0,0.5344827586206896,0.02886478109259971,310,0.860655737704918,0.824,,
0.05,11,45,45,0.08888888888888889,0.08888888888888889,0.0,7.0735530263064605,164.08065739487267,1.0227272727272727,0.0,47.3540193587952,72.52571776860498,110.26104350168,149.8273467282801,0.5582329317269076,-0.11761951660558291,0.5730337078651685,0.5069662921348315,1.2443534888027368,0.22,0.5294117647058824,0.023793787177792458,323,0.8991596638655462,0.9173553719008265,,
0.05,12,45,45,0.022222222222222223,0.022222222222222223,0.0,6.859202934600204,-153.32055100783631,1.0227272727272727,0.0,-42.949237284062946,-42.949237284062946,71.40699836628588,71.40699836628588,0.54296875,-0.08608665130404261,0.5056179775280899,0.5030337078651685,0.051747956584104235,1.0,0.4827586206896552,-0.022859356838434708,298,0.8916666666666667,0.8429752066115702,,
0.05,13,45,45,0.08888888888888889,0.08888888888888889,1.7519635978468011,7.397179635353161,167.9993855666379,1.6363636363636362,0.8181818181818181,72.52571776860498,87.77146851151701,124.8273467282801,145.23745539295817,0.5568627450980392,-0.11387966039128825,0.5730337078651685,0.5114606741573035,1.1058831715423656,0.32,0.5769230769230769,0.07130509939498697,321,0.8306451612903226,0.865546218487395,,
0.05,14,45,45,0.022222222222222223,0.022222222222222223,1.8614613227122263,4.160913544886153,-159.41368853152923,0.0,2.0454545454545454,82.45190033452724,63.4386575265313,82.45190033452724,63.4386575265313,0.4375,0.1241446725317693,0.4157303370786517,0.5061797752808989,-1.8144099279893722,0.09,0.39622641509433965,-0.10939156243375026,262,0.7622950819672131,0.7704918032786885,,
